case_id,jurisdiction,dimension,primary_codes,primary_coder,second_codes,second_coder,agreement_status,reconciliation_status,evidence_excerpt
ae-pt-aml_kyc-001,AE,aml_kyc,freshness_unknown|independent_review_gap|event_model_gap,deterministic_ruleset_v1,,,pending_independent_coder,not_started,"Federal AML/CFT law applies across onshore and free zones, the FATF travel rule applies, and each regulator (CBUAE, VARA, FSRA, DFSA) imposes AML/CFT obligations within its perimeter."
ae-pt-bank_nonbank_routing-001,AE,bank_nonbank_routing,source_acquisition_gap|freshness_unknown|independent_review_gap|event_model_gap,deterministic_ruleset_v1,,,pending_independent_coder,not_started,The CBUAE licenses payment-token issuers; the regime admits bank and non-bank issuers under the payment-token charter rather than a bank-only model.
ae-pt-capital_requirements-001,AE,capital_requirements,freshness_unknown|independent_review_gap|event_model_gap,deterministic_ruleset_v1,,,pending_independent_coder,not_started,"Onshore, capital requirements are as specified by the CBUAE PTSR. Free-zone issuers face capital requirements per the relevant VARA/FSRA/DFSA framework. The specific figures differ by perimeter."
ae-pt-cross_border_data-001,AE,cross_border_data,source_acquisition_gap|freshness_unknown|independent_review_gap|event_model_gap,deterministic_ruleset_v1,,,pending_independent_coder,not_started,The Federal Personal Data Protection Law (PDPL) applies onshore. The DIFC and ADGM have their own data-protection regimes (DIFC Data Protection Law; ADGM Data Protection Regulations). Cross-border data-transfer rules vary by zone.
ae-pt-distribution-001,AE,distribution,freshness_unknown|independent_review_gap|event_model_gap,deterministic_ruleset_v1,,,pending_independent_coder,not_started,The CBUAE channel restriction is the distribution-side constraint: foreign payment tokens are excluded from the general-payments channel and may be accepted only to buy virtual assets or derivatives. Free-zone issuers cannot issue AED token
ae-pt-implementation_status-001,AE,implementation_status,freshness_unknown|independent_review_gap|event_model_gap,deterministic_ruleset_v1,,,pending_independent_coder,not_started,"In-force regime. Milestones: CBUAE Payment Token Services Regulation (Circular 2/2024) issued (2024); one-year transition period for existing arrangements (2024-2025); transition period closes and AED tokens (AE Coin, Zand AED) go live, wit"
ae-pt-issuer_pathway-001,AE,issuer_pathway,freshness_unknown|independent_review_gap|event_model_gap,deterministic_ruleset_v1,,,pending_independent_coder,not_started,"Onshore, a Dirham Payment Token (DPT) may be issued only by a CBUAE-licensed, UAE-incorporated entity; a Foreign Payment Token (FPT) is a registered foreign issuer's token that may be used only to purchase virtual assets or derivatives, not"
ae-pt-monetary_sovereignty-001,AE,monetary_sovereignty,freshness_unknown|independent_review_gap|event_model_gap,deterministic_ruleset_v1,,,pending_independent_coder,not_started,The CBUAE PTSR imposes a channel restriction grounded in monetary sovereignty: no merchant may accept a virtual asset as payment for goods or services unless it is a Dirham Payment Token from a CBUAE-licensed issuer. Foreign payment tokens 
ae-pt-permitted_activity_yield-001,AE,permitted_activity_yield,freshness_unknown|independent_review_gap|event_model_gap,deterministic_ruleset_v1,,,pending_independent_coder,not_started,"Issuer-paid yield is prohibited onshore (CBUAE). ADGM permits the issuer to earn reserve income but bans the promotion of the token as an investment or savings product. The operative line in ADGM is promotion, not the earning of reserve inc"
ae-pt-redemption-001,AE,redemption,freshness_unknown|independent_review_gap|event_model_gap,deterministic_ruleset_v1,,,pending_independent_coder,not_started,"Onshore (CBUAE): redemption at par, no later than the next business day. ADGM: redemption at par within T+2. Free-zone frameworks specify their own redemption timelines."
ae-pt-regulatory_authority-001,AE,regulatory_authority,freshness_unknown|independent_review_gap|event_model_gap,deterministic_ruleset_v1,,,pending_independent_coder,not_started,"The UAE operates a federal-versus-free-zone split. Onshore, the Central Bank of the UAE (CBUAE) Payment Token Services Regulation (PTSR, Circular 2/2024) governs payment-token issuance and use. The financial free zones run their own fiat-re"
ae-pt-reserve_backing-001,AE,reserve_backing,freshness_unknown|independent_review_gap|event_model_gap,deterministic_ruleset_v1,,,pending_independent_coder,not_started,"Onshore: 100% backing, segregated in UAE banks. The bank-subsidiary option requires at least 50% cash plus UAE government bonds / CBUAE monetary bills. Free-zone frameworks impose their own reserve requirements (e.g., the ADGM FRT framework"
ae-pt-securities_classification-001,AE,securities_classification,source_acquisition_gap|freshness_unknown|independent_review_gap|event_model_gap,deterministic_ruleset_v1,,,pending_independent_coder,not_started,Payment tokens are regulated by the CBUAE as payment instruments under the Payment Token Services Regulation; securities are a separate perimeter under the SCA.
br-vasp-aml_kyc-001,BR,aml_kyc,freshness_sla_breach|independent_review_gap|event_model_gap,deterministic_ruleset_v1,,,pending_independent_coder,not_started,"Res BCB 520 Art. 44 internalises the FATF Travel Rule as a domestic obligation: for each transfer the originator's institution must transmit complete data on the originator (name, CPF/CNPJ, account) and the beneficiary, including wallet add"
br-vasp-bank_nonbank_routing-001,BR,bank_nonbank_routing,freshness_sla_breach|independent_review_gap|event_model_gap,deterministic_ruleset_v1,,,pending_independent_coder,not_started,Virtual-asset services are supervised by the Banco Central do Brasil; issuance and distribution run through authorized payment/virtual-asset service providers under the central bank's prudential perimeter.
br-vasp-capital_requirements-001,BR,capital_requirements,freshness_sla_breach|independent_review_gap|event_model_gap,deterministic_ruleset_v1,,,pending_independent_coder,not_started,"Minimum capital for SPSAVs is set by Resolução Conjunta CMN/BCB nº 14/2025 and Res BCB 517/2025 (both 3 Nov 2025), scaled by activity/modality. Per the BCB's 10 Nov 2025 press conference the range is R$10,800,000–R$37,200,000 (ANBIMA: 'VASP"
br-vasp-cross_border_data-001,BR,cross_border_data,freshness_unknown|independent_review_gap|event_model_gap,deterministic_ruleset_v1,,,pending_independent_coder,not_started,"Res BCB 521 integrates authorised SPSAVs' virtual-asset international payments and transfers into the Brazilian foreign-exchange (câmbio) market, regulating the Foreign Exchange Law (Lei 14.286/2021). In scope: international payment/transfe"
br-vasp-custody-001,BR,custody,freshness_sla_breach|independent_review_gap|event_model_gap,deterministic_ruleset_v1,,,pending_independent_coder,not_started,"Res BCB 520 requires mandatory patrimonial segregation: client funds — both fiat and virtual assets — must be fully segregated from the SPSAV's own funds, held in accounts/wallets distinct from corporate treasury, demonstrable beyond accoun"
br-vasp-disclosure_reporting-001,BR,disclosure_reporting,freshness_sla_breach|independent_review_gap|event_model_gap,deterministic_ruleset_v1,,,pending_independent_coder,not_started,"Res BCB 520 requires SPSAVs to document proof-of-reserves methods and to publish reports and reserve attestations, with an independent audit on a biennial basis (sources: 'biennial / biannual independent audit cycle'). Res BCB 521 Art. 82-A"
br-vasp-issuer_pathway-001,BR,issuer_pathway,freshness_sla_breach|independent_review_gap|event_model_gap,deterministic_ruleset_v1,,,pending_independent_coder,not_started,"Providing virtual-asset services in Brazil requires prior BCB authorisation as an SPSAV. Under Res BCB 520 Art. 4 there are three modalities — Intermediário, Custodiante and Corretor (intermediary / custodian / broker, the broker combining "
br-vasp-monetary_sovereignty-001,BR,monetary_sovereignty,freshness_sla_breach|independent_review_gap|event_model_gap,deterministic_ruleset_v1,,,pending_independent_coder,not_started,Brazil does not impose a MiCA-style volume cap on the use of non-domestic-currency (e.g. USD) stablecoins as a means of exchange. Instead it asserts monetary-sovereignty control through three mechanisms: (i) reclassifying cross-border virtu
br-vasp-permitted_activity_yield-001,BR,permitted_activity_yield,freshness_unknown|independent_review_gap|event_model_gap,deterministic_ruleset_v1,,,pending_independent_coder,not_started,The VASP framework and the central bank's implementing rulemaking are still being finalized; whether and how issuers or intermediaries may pass through yield is not yet settled.
br-vasp-regulatory_authority-001,BR,regulatory_authority,freshness_sla_breach|independent_review_gap|event_model_gap,deterministic_ruleset_v1,,,pending_independent_coder,not_started,"Lei 14.478/2022 (Marco Legal dos Ativos Virtuais) and Decreto 11.563/2023 designate the Banco Central do Brasil (BCB) as the authority for virtual-asset service providers (SPSAVs), while preserving the Comissão de Valores Mobiliários (CVM) "
br-vasp-reserve_backing-001,BR,reserve_backing,freshness_sla_breach|independent_review_gap|event_model_gap,deterministic_ruleset_v1,,,pending_independent_coder,not_started,"For a fiat-referenced virtual asset (stablecoin), Res BCB 520/2025 defines the reserve assets as the fiduciary currency plus public debt issued by the same governments that issue those currencies (Art. 2, III), requires proof of reserves, a"
br-vasp-securities_classification-001,BR,securities_classification,freshness_sla_breach|independent_review_gap|event_model_gap,deterministic_ruleset_v1,,,pending_independent_coder,not_started,Lei 14.478/2022 and Decreto 11.563/2023 preserve CVM jurisdiction over virtual assets that are securities (valores mobiliários) and over investor-protection issues; the functional securities-vs-virtual-asset distinction follows CVM Parecer 
ch-frs-aml_kyc-001,CH,aml_kyc,freshness_unknown|independent_review_gap|event_model_gap,deterministic_ruleset_v1,,,pending_independent_coder,not_started,"FINMA Guidance 06/2024 imposes the strictest AML posture in the survey: the issuer must identify every holder, including intermediate holders, treating each as a customer, and anonymous transfers are prohibited. Full AMLA obligations apply "
ch-frs-bank_nonbank_routing-001,CH,bank_nonbank_routing,source_acquisition_gap|freshness_unknown|independent_review_gap|event_model_gap,deterministic_ruleset_v1,,,pending_independent_coder,not_started,"Depending on structure, stablecoin issuance may require a banking licence or operate under the DLT framework; the bank/non-bank line turns on whether deposits are accepted and how reserves are held."
ch-frs-capital_requirements-001,CH,capital_requirements,freshness_unknown|independent_review_gap|event_model_gap,deterministic_ruleset_v1,,,pending_independent_coder,not_started,"For licensed-institution pathways, capital requirements apply per the Banking Act / FinTech-licence framework. For the bank-guarantee pathway there is no separate stablecoin capital schedule; the guarantee performs the protective function i"
ch-frs-cross_border_data-001,CH,cross_border_data,source_acquisition_gap|freshness_unknown|independent_review_gap|event_model_gap,deterministic_ruleset_v1,,,pending_independent_coder,not_started,The Swiss Federal Act on Data Protection (FADP) applies (revised FADP in force September 2023). Cross-border data transfer requires adequate protection in the recipient state or appropriate safeguards. Switzerland maintains adequacy recogni
ch-frs-disclosure_reporting-001,CH,disclosure_reporting,source_acquisition_gap|freshness_unknown|independent_review_gap|event_model_gap,deterministic_ruleset_v1,,,pending_independent_coder,not_started,"FINMA guidance imposes AML, disclosure and reporting expectations on issuers, with supervisory coordination available."
ch-frs-distribution-001,CH,distribution,freshness_unknown|independent_review_gap|event_model_gap,deterministic_ruleset_v1,,,pending_independent_coder,not_started,There is no monetary-sovereignty usage cap and no distribution-volume restriction; foreign-currency stablecoins are not channel-restricted. The bank-guarantee structure and the FINMA holder-identification requirement are the practical distr
ch-frs-implementation_status-001,CH,implementation_status,freshness_unknown|independent_review_gap|event_model_gap,deterministic_ruleset_v1,,,pending_independent_coder,not_started,Guidance-in-force regime. Milestones: FINMA Guidance 06/2024 published (Jul 2024); bank-guarantee and licensed-institution pathways in operation (2024-2025); consultation on a Financial Institutions Act (FinIA) amendment creating a dedicate
ch-frs-issuer_pathway-001,CH,issuer_pathway,freshness_unknown|independent_review_gap|event_model_gap,deterministic_ruleset_v1,,,pending_independent_coder,not_started,"Two issuer pathways. Pathway 1 (licensed institution): an issuer holding a banking licence, or a FinTech licence under Art. 1b of the Banking Act, may issue stablecoins as a licensed institution. Pathway 2 (bank default-guarantee exemption)"
ch-frs-monetary_sovereignty-001,CH,monetary_sovereignty,freshness_unknown|independent_review_gap|event_model_gap,deterministic_ruleset_v1,,,pending_independent_coder,not_started,"There is no monetary-sovereignty usage cap: foreign-currency stablecoins are not restricted by volume or channel. The practical constraints are the bank-guarantee structure and the AML holder-identification requirement, not distribution cap"
ch-frs-permitted_activity_yield-001,CH,permitted_activity_yield,freshness_unknown|independent_review_gap|event_model_gap,deterministic_ruleset_v1,,,pending_independent_coder,not_started,"Paying yield to holders is NOT prohibited — Switzerland is the clearest survey example of a regime where holder yield is permitted but structurally constrained. Under the bank-guarantee pathway the guarantee must cover any interest earned, "
ch-frs-redemption-001,CH,redemption,freshness_unknown|independent_review_gap|event_model_gap,deterministic_ruleset_v1,,,pending_independent_coder,not_started,"Redemption is a payment claim against the issuer (or, on issuer default, against the guaranteeing bank). There is no statutory at-par redemption mandate; the claim is contractual, backed by the guarantee. Stablecoin holders are not deposit-"
ch-frs-regulatory_authority-001,CH,regulatory_authority,freshness_unknown|independent_review_gap|event_model_gap,deterministic_ruleset_v1,,,pending_independent_coder,not_started,"Switzerland has no bespoke stablecoin statute: stablecoins are regulated by applying existing financial law — the Banking Act and Banking Ordinance (notably Banking Ordinance Art. 5(3)(f), which removes guaranteed funds from the deposit def"
ch-frs-reserve_backing-001,CH,reserve_backing,freshness_unknown|independent_review_gap|event_model_gap,deterministic_ruleset_v1,,,pending_independent_coder,not_started,"There is no statutory reserve schedule (no mandated asset list or percentages). Under the bank-guarantee pathway the protective mechanism is the guarantee, not a prescribed reserve portfolio: the guarantee must cover the principal plus inte"
ch-frs-securities_classification-001,CH,securities_classification,freshness_unknown|independent_review_gap|event_model_gap,deterministic_ruleset_v1,,,pending_independent_coder,not_started,"If a stablecoin arrangement is structured so that assets are held for the account of holders (rather than as a contractual claim against the issuer), collective-investment-scheme rules under the Collective Investment Schemes Act (CISA) may "
cn-prc-aml_kyc-001,CN,aml_kyc,source_acquisition_gap|evidence_classification_gap|freshness_unknown|independent_review_gap|event_model_gap,deterministic_ruleset_v1,,,pending_independent_coder,not_started,"The Anti-Money Laundering Law of the PRC and PBOC AML/CFT regulations apply to all financial institutions, and cryptocurrency-related transactions are explicitly subject to AML scrutiny under the 2017 ICO Notice (94 公告) and supporting circu"
cn-prc-bank_nonbank_routing-001,CN,bank_nonbank_routing,source_acquisition_gap|evidence_classification_gap|freshness_unknown|independent_review_gap|event_model_gap,deterministic_ruleset_v1,,,pending_independent_coder,not_started,"With no domestic issuance pathway, there is no bank/non-bank routing architecture for compliant private-token issuance to characterize."
cn-prc-capital_requirements-001,CN,capital_requirements,source_acquisition_gap|evidence_classification_gap|freshness_unknown|independent_review_gap|event_model_gap,deterministic_ruleset_v1,,,pending_independent_coder,not_started,"Capital requirements are not applicable to domestic issuance. On the indirect Hong Kong pathway, the HKMA HK$25 million paid-up share capital applies to the HK-licensed entity; for PRC-listed parents, capital injected into the HK subsidiary"
cn-prc-cross_border_data-001,CN,cross_border_data,source_acquisition_gap|evidence_classification_gap|freshness_unknown|independent_review_gap|event_model_gap,deterministic_ruleset_v1,,,pending_independent_coder,not_started,"Even where issuance is prohibited, stablecoin-related personal data (wallet KYC and merchant-onboarding data tied to PRC residents) falls within PIPL outbound-transfer scope and is the binding constraint that reaches non-PRC-affiliated cros"
cn-prc-distribution-001,CN,distribution,evidence_classification_gap|freshness_unknown|independent_review_gap|event_model_gap,deterministic_ruleset_v1,,,pending_independent_coder,not_started,"All cryptocurrency promotion, offering, and trading is prohibited within PRC territory, so there is no domestic distribution channel. For PRC-connected groups operating via Hong Kong, the indirect pathway carries three independent layers of"
cn-prc-implementation_status-001,CN,implementation_status,source_acquisition_gap|evidence_classification_gap|freshness_unknown|independent_review_gap|event_model_gap,deterministic_ruleset_v1,,,pending_independent_coder,not_started,The regime is a stable prohibition with no scheduled formal rule change. Key milestones: the 2017 ICO ban (94 公告); the Data Security Law (1 Sep 2021); the reaffirmed comprehensive prohibition extended to offshore exchanges (24 Sep 2021); PI
cn-prc-issuer_pathway-001,CN,issuer_pathway,freshness_unknown|independent_review_gap|event_model_gap,deterministic_ruleset_v1,,,pending_independent_coder,not_started,"There is no domestic stablecoin issuance pathway. The 2017 ICO Notice (94公告) policy continues, and the 2026 Notice (银发〔2026〕42号, which repealed the 2021 Notice) treats token issuance and virtual-currency business activity as prohibited, upg"
cn-prc-monetary_sovereignty-001,CN,monetary_sovereignty,freshness_unknown|independent_review_gap|event_model_gap,deterministic_ruleset_v1,,,pending_independent_coder,not_started,Mainland China occupies the prohibitive pole of the monetary-sovereignty constraint. The eight-ministry Notice 银发〔2026〕42号 (in force 6 Feb 2026) reaffirms that virtual currencies have no legal-tender status and adds an explicit WRITTEN proh
cn-prc-permitted_activity_yield-001,CN,permitted_activity_yield,source_acquisition_gap|evidence_classification_gap|freshness_unknown|independent_review_gap|event_model_gap,deterministic_ruleset_v1,,,pending_independent_coder,not_started,"Because private token issuance and related fundraising are prohibited, there is no lawful domestic issuer that could pay yield; the yield question does not arise within a permitted perimeter."
cn-prc-regulatory_authority-001,CN,regulatory_authority,freshness_unknown|independent_review_gap|event_model_gap,deterministic_ruleset_v1,,,pending_independent_coder,not_started,"No single stablecoin regulator exists because there is no lawful domestic issuance pathway; instead, a coordinated multi-agency prohibition perimeter governs. The eight-ministry Notice 银发〔2026〕42号 (in force 6 Feb 2026), issued jointly with "
cn-prc-reserve_backing-001,CN,reserve_backing,source_acquisition_gap|evidence_classification_gap|freshness_unknown|independent_review_gap|event_model_gap,deterministic_ruleset_v1,,,pending_independent_coder,not_started,"Reserve requirements are not applicable to domestic issuance, which is prohibited. On the indirect pathway through Hong Kong, HKMA reserve requirements apply to the HK-licensed entity; the PRC-connected parent holds no reserve obligation di"
cn-prc-securities_classification-001,CN,securities_classification,freshness_unknown|independent_review_gap|event_model_gap,deterministic_ruleset_v1,,,pending_independent_coder,not_started,Token issuance and exchange activity have been treated as unauthorized public fundraising / illegal financial activity rather than admitted securities offerings; there is no compliant securities pathway for private tokens.
eu-emt-bank_nonbank_routing-001,EU,bank_nonbank_routing,source_acquisition_gap|freshness_unknown|independent_review_gap|event_model_gap,deterministic_ruleset_v1,,,pending_independent_coder,not_started,"Because EMT issuers must be credit institutions or e-money institutions, issuance sits inside the bank / e-money prudential framework; reserve assets must be safeguarded and segregated from the issuer's estate."
eu-emt-cross_border_data-001,EU,cross_border_data,source_acquisition_gap|freshness_unknown|independent_review_gap|event_model_gap,deterministic_ruleset_v1,,,pending_independent_coder,not_started,"Authorization passports across the single market; personal data is governed by the GDPR, which is a data-protection regime rather than a localization barrier to supervisory information-sharing."
eu-emt-disclosure_reporting-001,EU,disclosure_reporting,source_acquisition_gap|freshness_unknown|independent_review_gap|event_model_gap,deterministic_ruleset_v1,,,pending_independent_coder,not_started,"Issuers publish a crypto-asset white paper and are subject to ongoing disclosure; issuers of significant EMTs report to and are supervised by the EBA, with ESMA coordination."
eu-emt-issuer_pathway-001,EU,issuer_pathway,source_acquisition_gap|freshness_unknown|independent_review_gap|event_model_gap,deterministic_ruleset_v1,,,pending_independent_coder,not_started,Issuance of an e-money token is restricted to entities authorized as credit institutions or electronic money institutions; no other entity may issue. An authorizable private token exists.
eu-emt-monetary_sovereignty-001,EU,monetary_sovereignty,freshness_sla_breach|independent_review_gap|event_model_gap,deterministic_ruleset_v1,,,pending_independent_coder,not_started,"For a non-EU-currency EMT, MiCA caps usage as a means of exchange at EUR 200 million per day or 1 million transactions per day (the Article 23 thresholds, applied to significant EMTs via Article 58(3)), measured on a quarterly-average basis"
eu-emt-permitted_activity_yield-001,EU,permitted_activity_yield,freshness_sla_breach|independent_review_gap|event_model_gap,deterministic_ruleset_v1,,,pending_independent_coder,not_started,"MiCA Article 50 imposes a yield ban on EMT holders: holders may not receive interest. The prohibition attaches to the holding of the token, paralleling the US GENIUS §4(a)(11) structure but expressed as a flat ban rather than a 'solely'-qua"
eu-emt-regulatory_authority-001,EU,regulatory_authority,freshness_sla_breach|independent_review_gap,deterministic_ruleset_v1,,,pending_independent_coder,not_started,"The Markets in Crypto-Assets Regulation (MiCA, Reg. (EU) 2023/1114) governs EMTs and ARTs, supervised by the EBA (significant tokens), ESMA, and national competent authorities. MiCA's Article 143(3) transitional grandfathering closes on a s"
eu-emt-reserve_backing-001,EU,reserve_backing,freshness_sla_breach|independent_review_gap|event_model_gap,deterministic_ruleset_v1,,,pending_independent_coder,not_started,MiCA requires EMT reserves to hold at least 60% in bank deposits; ART reserves at least 30% in bank deposits. (Distinct from the US/HK same-currency short-dated-sovereign model.)
eu-emt-securities_classification-001,EU,securities_classification,source_acquisition_gap|freshness_unknown|independent_review_gap|event_model_gap,deterministic_ruleset_v1,,,pending_independent_coder,not_started,E-money tokens and asset-referenced tokens are crypto-assets governed by MiCA and are carved out of the MiFID II financial-instrument (securities) perimeter; they are not treated as transferable securities.
hk-frs-aml_kyc-001,HK,aml_kyc,freshness_unknown|independent_review_gap|event_model_gap,deterministic_ruleset_v1,,,pending_independent_coder,not_started,"The HKMA AML/CFT Guideline for licensed stablecoin issuers applies: standard FATF KYC, transaction monitoring, and suspicious-transaction reporting, plus distribution-channel KYC obligations executed via licensed VATPs and SFC Type 1 corpor"
hk-frs-bank_nonbank_routing-001,HK,bank_nonbank_routing,source_acquisition_gap|freshness_unknown|independent_review_gap|event_model_gap,deterministic_ruleset_v1,,,pending_independent_coder,not_started,Issuance requires an HKMA licence open to bank and non-bank applicants; it is a licensing regime rather than a bank-only monopoly.
hk-frs-capital_requirements-001,HK,capital_requirements,freshness_sla_breach|independent_review_gap|event_model_gap,deterministic_ruleset_v1,,,pending_independent_coder,not_started,"HK$25 million minimum paid-up share capital (or currency equivalent), with HKMA empowered to require more based on business plan; HK$3 million minimum liquid capital; and excess liquid capital equivalent to at least 12 months of operating e"
hk-frs-cross_border_data-001,HK,cross_border_data,freshness_unknown|independent_review_gap|event_model_gap,deterministic_ruleset_v1,,,pending_independent_coder,not_started,Personal data is governed by the Personal Data (Privacy) Ordinance (PDPO). Cross-border data transfer governance under PDPO Section 33 remains pending final commencement. HKMA Supervisory Policy Manual provisions on outsourcing and data hos
hk-frs-disclosure_reporting-001,HK,disclosure_reporting,source_acquisition_gap|freshness_unknown|independent_review_gap|event_model_gap,deterministic_ruleset_v1,,,pending_independent_coder,not_started,"Licensed issuers must meet disclosure, reserve-attestation and reporting requirements under HKMA supervision, with supervisory coordination available."
hk-frs-distribution-001,HK,distribution,freshness_sla_breach|independent_review_gap|event_model_gap,deterministic_ruleset_v1,,,pending_independent_coder,not_started,"Permitted offerors of FRS in Hong Kong are HKMA-licensed FRS issuers, SFC-licensed VATPs, SFC-licensed Type 1 corporations, and Authorised Institutions. Foreign-based issuers of non-HKD-linked FRS may offer to professional investors only. U"
hk-frs-implementation_status-001,HK,implementation_status,source_acquisition_gap|evidence_classification_gap|freshness_unknown|independent_review_gap|event_model_gap,deterministic_ruleset_v1,,,pending_independent_coder,not_started,Live regime. Key milestones: HKMA discussion paper (Jan 2022); FSTB/HKMA consultation (Dec 2023); conclusions + sandbox (Jul 2024); Ordinance and guidelines effective (1 Aug 2025); Ant/JD applications suspended (18-20 Oct 2025); pre-existin
hk-frs-issuer_pathway-001,HK,issuer_pathway,freshness_sla_breach|independent_review_gap|event_model_gap,deterministic_ruleset_v1,,,pending_independent_coder,not_started,"A licence is required for (1) FRS issuers in Hong Kong, (2) issuers outside HK of stablecoins referencing the HK dollar, and (3) entities actively marketing FRS to the HK public. Eligible applicants are companies incorporated in HK under th"
hk-frs-monetary_sovereignty-001,HK,monetary_sovereignty,freshness_sla_breach|independent_review_gap|event_model_gap,deterministic_ruleset_v1,,,pending_independent_coder,not_started,"Hong Kong does not impose a quantitative non-domestic-currency usage cap of the MiCA Article 23 type, but it draws a sovereignty-adjacent line through distribution: foreign-based issuers of non-HKD-linked FRS may offer to professional inves"
hk-frs-permitted_activity_yield-001,HK,permitted_activity_yield,freshness_sla_breach|independent_review_gap|event_model_gap,deterministic_ruleset_v1,,,pending_independent_coder,not_started,The Stablecoins Ordinance Schedule 2 Section 15 (Non-interest bearing) provides that the licensee must not pay any interest on issued stablecoins. Direct payments from issuer to holder are reached by the prohibition.
hk-frs-redemption-001,HK,redemption,freshness_sla_breach|independent_review_gap|event_model_gap,deterministic_ruleset_v1,,,pending_independent_coder,not_started,Redemption at par value within 1 business day of a valid request. Redemption obligations are a continuing licence condition.
hk-frs-regulatory_authority-001,HK,regulatory_authority,freshness_sla_breach|independent_review_gap|event_model_gap,deterministic_ruleset_v1,,,pending_independent_coder,not_started,"The Stablecoins Ordinance (Cap. 656), effective 1 August 2025, establishes the HKMA as primary regulator for FRS issuers, supported by HKMA Explanatory Notes (Licensing; Transitional Provisions), the Guideline on Supervision of Licensed Sta"
hk-frs-reserve_backing-001,HK,reserve_backing,freshness_sla_breach|independent_review_gap|event_model_gap,deterministic_ruleset_v1,,,pending_independent_coder,not_started,"100% backing at all times; the market value of reserve assets must equal or exceed the par value of circulating stablecoins, with HKMA expecting overcollateralisation. Acceptable assets: cash, bank deposits (term <= 3 months), government an"
hk-frs-securities_classification-001,HK,securities_classification,source_acquisition_gap|freshness_unknown|independent_review_gap|event_model_gap,deterministic_ruleset_v1,,,pending_independent_coder,not_started,Specified (fiat-referenced) stablecoins are regulated by the HKMA under the Stablecoins Ordinance and are not treated as securities or futures under the SFO.
jp-epi-aml_kyc-001,JP,aml_kyc,freshness_unknown|independent_review_gap|event_model_gap,deterministic_ruleset_v1,,,pending_independent_coder,not_started,"The FATF Travel Rule is operative (2022 amendment). Intermediaries hold a large share of customer crypto-assets in cold storage, segregate user funds via trust, and enter liability-sharing agreements with issuers."
jp-epi-bank_nonbank_routing-001,JP,bank_nonbank_routing,source_acquisition_gap|freshness_unknown|independent_review_gap|event_model_gap,deterministic_ruleset_v1,,,pending_independent_coder,not_started,"Issuance runs through a closed trichotomy — banks, funds-transfer service providers, and trust companies — with distribution by registered EPI service providers, so roles are separated by licensed function."
jp-epi-capital_requirements-001,JP,capital_requirements,freshness_unknown|independent_review_gap|event_model_gap,deterministic_ruleset_v1,,,pending_independent_coder,not_started,"Capital requirements are set by entity type under the Payment Services Act and the FSA framework (banking, funds-transfer, or trust licensing); there is no separate aggregate stablecoin capital cap."
jp-epi-cross_border_data-001,JP,cross_border_data,source_acquisition_gap|freshness_unknown|independent_review_gap|event_model_gap,deterministic_ruleset_v1,,,pending_independent_coder,not_started,The Act on the Protection of Personal Information (APPI) governs personal data and cross-border handling.
jp-epi-disclosure_reporting-001,JP,disclosure_reporting,source_acquisition_gap|freshness_unknown|independent_review_gap|event_model_gap,deterministic_ruleset_v1,,,pending_independent_coder,not_started,"EPI service providers register with the FSA and are subject to disclosure and reporting obligations, with supervisory coordination available."
jp-epi-distribution-001,JP,distribution,freshness_unknown|independent_review_gap|event_model_gap,deterministic_ruleset_v1,,,pending_independent_coder,not_started,"Foreign-issued stablecoins may be handled by a registered EPIESP if it sets aside reserves in Japan equal to customers' holdings and the foreign issuer does not itself issue, redeem, or solicit to Japanese users. Intermediation and distribu"
jp-epi-implementation_status-001,JP,implementation_status,freshness_unknown|independent_review_gap|event_model_gap,deterministic_ruleset_v1,,,pending_independent_coder,not_started,"Live regime. Milestones: Electronic Payment Instruments regime in force (1 June 2023); USDC admitted via the intermediary channel (March 2025); Act No. 66 of 2025 enacted, relaxing trust-type reserves (June 2025); JPYC Inc. registered as a "
jp-epi-issuer_pathway-001,JP,issuer_pathway,freshness_unknown|independent_review_gap,deterministic_ruleset_v1,,,pending_independent_coder,not_started,"A closed trichotomy: only (a) banks (deposit-type), (b) registered funds-transfer service providers, and (c) trust companies or trust banks (trust-type) may issue Electronic Payment Instruments. Distribution and intermediation require regis"
jp-epi-monetary_sovereignty-001,JP,monetary_sovereignty,freshness_sla_breach|independent_review_gap,deterministic_ruleset_v1,,,pending_independent_coder,not_started,"There is no aggregate cap. Japan does not prohibit foreign-currency tokens; it admits them through a registered Electronic Payment Instruments Exchange Service Provider (EPIESP) that holds reserves in Japan equal to customers' holdings, pro"
jp-epi-permitted_activity_yield-001,JP,permitted_activity_yield,freshness_unknown|independent_review_gap|event_model_gap,deterministic_ruleset_v1,,,pending_independent_coder,not_started,"Holders are not remunerated: Electronic Payment Instruments are payment instruments, and issuer economics come from reserve interest. Whether an intermediary-layer (EPIESP) lending service over an admitted foreign token is issuer-paid yield"
jp-epi-redemption-001,JP,redemption,freshness_unknown|independent_review_gap|event_model_gap,deterministic_ruleset_v1,,,pending_independent_coder,not_started,"Redemption is at par on demand. Funds-transfer-type tokens are subject to a 1,000,000 yen per-transfer cap."
jp-epi-regulatory_authority-001,JP,regulatory_authority,freshness_unknown|independent_review_gap|event_model_gap,deterministic_ruleset_v1,,,pending_independent_coder,not_started,"Fiat-referenced, par-redeemable stablecoins are Electronic Payment Instruments under the Payment Services Act. The 2022 amendment took effect 1 June 2023 and created the category; Act No. 66 of 2025 (in force June 2025, with implementing ca"
jp-epi-reserve_backing-001,JP,reserve_backing,freshness_unknown|independent_review_gap,deterministic_ruleset_v1,,,pending_independent_coder,not_started,"Full backing is the baseline; funds-transfer and bank types hold liquid backing. For the trust-type, Act No. 66 of 2025 permits up to fifty percent of issuance value to be held in low-risk short-term assets (Japanese or US government bonds "
jp-epi-securities_classification-001,JP,securities_classification,source_acquisition_gap|freshness_unknown|independent_review_gap|event_model_gap,deterministic_ruleset_v1,,,pending_independent_coder,not_started,Electronic payment instruments (the stablecoin category) are regulated under the Payment Services Act and are distinct from securities regulated under the Financial Instruments and Exchange Act.
kr-frs-aml_kyc-001,KR,aml_kyc,freshness_unknown|independent_review_gap|event_model_gap,deterministic_ruleset_v1,,,pending_independent_coder,not_started,IN FORCE: anti-money-laundering and Travel Rule obligations apply through the specified financial transaction information framework. Entities converting stablecoins to fiat for third parties are treated as virtual-asset service providers re
kr-frs-bank_nonbank_routing-001,KR,bank_nonbank_routing,source_acquisition_gap|evidence_classification_gap|freshness_unknown|independent_review_gap|event_model_gap,deterministic_ruleset_v1,,,pending_independent_coder,not_started,"With the issuer regime in bill form, the bank/non-bank routing architecture for compliant issuance is not yet established."
kr-frs-capital_requirements-001,KR,capital_requirements,freshness_unknown|independent_review_gap|event_model_gap,deterministic_ruleset_v1,,,pending_independent_coder,not_started,DRAFT: minimum equity capital to be set by the enacted statute; reported figures range across drafts and are provisional (a press-versus-draft discrepancy). No stablecoin capital regime is in force.
kr-frs-cross_border_data-001,KR,cross_border_data,source_acquisition_gap|freshness_unknown|independent_review_gap|event_model_gap,deterministic_ruleset_v1,,,pending_independent_coder,not_started,"The Personal Information Protection Act (PIPA) governs data, including localisation."
kr-frs-disclosure_reporting-001,KR,disclosure_reporting,source_acquisition_gap|evidence_classification_gap|freshness_unknown|independent_review_gap|event_model_gap,deterministic_ruleset_v1,,,pending_independent_coder,not_started,Disclosure and supervisory-coordination obligations for issuers await the enacted DABA.
kr-frs-distribution-001,KR,distribution,freshness_unknown|independent_review_gap|event_model_gap,deterministic_ruleset_v1,,,pending_independent_coder,not_started,"No stablecoin-specific distribution regime is in force. DRAFT: foreign issuers would establish a local branch or subsidiary and obtain an FSC licence for payment, redemption, or remittance services, with brokered trading permitted on domest"
kr-frs-implementation_status-001,KR,implementation_status,freshness_unknown|independent_review_gap|event_model_gap,deterministic_ruleset_v1,,,pending_independent_coder,not_started,"Phase-1 in force, Phase-2 pending. Milestones: Virtual Asset User Protection Act in force (19 Jul 2024); a Digital Asset Basic Act plus three stablecoin-specific bills before the National Assembly Political Affairs Committee (정무위) — as of l"
kr-frs-issuer_pathway-001,KR,issuer_pathway,freshness_unknown|independent_review_gap,deterministic_ruleset_v1,,,pending_independent_coder,not_started,No stablecoin issuer is licensed; domestic won-stablecoin issuance is effectively prohibited under current law. Future eligibility is contested: the BOK seeks bank-led consortia holding at least fifty-one percent; the FSC favours a more fin
kr-frs-monetary_sovereignty-001,KR,monetary_sovereignty,freshness_unknown|independent_review_gap|event_model_gap,deterministic_ruleset_v1,,,pending_independent_coder,not_started,"No stablecoin-specific monetary-sovereignty regime is in force. DRAFT: cross-border won stablecoins would be classified as a foreign-exchange means of payment under the Foreign Exchange Transactions Act, engaging the capital-flow management"
kr-frs-permitted_activity_yield-001,KR,permitted_activity_yield,freshness_unknown|independent_review_gap|event_model_gap,deterministic_ruleset_v1,,,pending_independent_coder,not_started,"DRAFT (Value-Stabilised Assets Act track): prohibition on interest or discounts to holders. No yield regime is in force. The draft yield prohibition would align Korea with the United States, the European Union, and Japan, but it is not oper"
kr-frs-redemption-001,KR,redemption,freshness_unknown|independent_review_gap|event_model_gap,deterministic_ruleset_v1,,,pending_independent_coder,not_started,DRAFT: par issuance and redemption. No redemption regime is in force. Draft provisions only.
kr-frs-regulatory_authority-001,KR,regulatory_authority,freshness_unknown|independent_review_gap|event_model_gap,deterministic_ruleset_v1,,,pending_independent_coder,not_started,"Two layers, only one in force. In force: the Virtual Asset User Protection Act (VAUPA), a user-protection and market-abuse regime, not an issuance-licensing framework. Pending: the Digital Asset Basic Act, which would create an issuance reg"
kr-frs-reserve_backing-001,KR,reserve_backing,freshness_unknown|independent_review_gap|event_model_gap,deterministic_ruleset_v1,,,pending_independent_coder,not_started,"DRAFT: more than one hundred percent reserves in safe assets, bank- or custodian-held, segregated. No reserve regime is in force. Draft provisions only."
kr-frs-securities_classification-001,KR,securities_classification,source_acquisition_gap|evidence_classification_gap|freshness_unknown|independent_review_gap|event_model_gap,deterministic_ruleset_v1,,,pending_independent_coder,not_started,"Under the draft Digital Asset Basic Act, the securities characterization of won-referenced stablecoins is not yet fixed; there is no operative stablecoin securities pathway today."
sg-scs-aml_kyc-001,SG,aml_kyc,source_acquisition_gap|freshness_unknown|independent_review_gap|event_model_gap,deterministic_ruleset_v1,,,pending_independent_coder,not_started,"AML/CFT obligations apply under MAS Notice PSN02 (payment services) and Notice PSN03 (digital payment tokens), including the FATF travel rule for digital-payment-token transfers, FATF-aligned KYC, transaction monitoring, and suspicious-tran"
sg-scs-bank_nonbank_routing-001,SG,bank_nonbank_routing,source_acquisition_gap|freshness_unknown|independent_review_gap|event_model_gap,deterministic_ruleset_v1,,,pending_independent_coder,not_started,MAS-regulated single-currency stablecoins are issued by banks or by major payment institutions under the Payment Services Act; reserve assets are held in segregation for the benefit of holders.
sg-scs-capital_requirements-001,SG,capital_requirements,freshness_sla_breach|independent_review_gap,deterministic_ruleset_v1,,,pending_independent_coder,not_started,"An SCS issuer must hold base capital of at least S$1 million or 50% of annual operating expenses, whichever is higher, plus liquid assets sufficient for an orderly wind-down. DTSP licensees (where granted) face a separate S$250,000 base-cap"
sg-scs-cross_border_data-001,SG,cross_border_data,source_acquisition_gap|evidence_classification_gap|freshness_unknown|independent_review_gap|event_model_gap,deterministic_ruleset_v1,,,pending_independent_coder,not_started,"Cross-border personal-data transfer is governed by the Personal Data Protection Act 2012 (PDPA), which requires reasonable safeguards — consent, contract, certification, or transfer to a jurisdiction with comparable protection. MAS Outsourc"
sg-scs-distribution-001,SG,distribution,freshness_sla_breach|independent_review_gap,deterministic_ruleset_v1,,,pending_independent_coder,not_started,The 'MAS-regulated stablecoin' label is restricted to SCS-framework-compliant issuers; misrepresenting a token as MAS-regulated carries financial penalties or imprisonment and placement on the MAS Investor Alert List. Retail consumer protec
sg-scs-implementation_status-001,SG,implementation_status,source_acquisition_gap|evidence_classification_gap|freshness_unknown|independent_review_gap|event_model_gap,deterministic_ruleset_v1,,,pending_independent_coder,not_started,The Payment Services Act came into force in January 2020; the SCS framework was finalised on 15 August 2023; the FSMA Part 9 DTSP regime took effect 30 June 2025 with no transitional arrangement; full SCS-framework implementation is targete
sg-scs-issuer_pathway-001,SG,issuer_pathway,source_acquisition_gap|evidence_classification_gap|freshness_unknown|independent_review_gap,deterministic_ruleset_v1,,,pending_independent_coder,not_started,The MAS Single-Currency Stablecoin (SCS) framework applies only to stablecoins pegged to the Singapore Dollar or any G10 currency and issued in Singapore; tokens pegged to other assets or issued offshore stay under the general Digital Payme
sg-scs-monetary_sovereignty-001,SG,monetary_sovereignty,freshness_sla_breach|independent_review_gap,deterministic_ruleset_v1,,,pending_independent_coder,not_started,"There is no aggregate usage cap; foreign-currency-pegged tokens simply are not 'MAS-regulated stablecoins' and circulate as ordinary digital payment tokens, leaving market access open at the monetary-sovereignty layer."
sg-scs-permitted_activity_yield-001,SG,permitted_activity_yield,freshness_sla_breach|independent_review_gap,deterministic_ruleset_v1,,,pending_independent_coder,not_started,"Yield is not directly prohibited, but the MAS-regulated SCS label is restricted to SGD or G10-pegged tokens issued from Singapore-incorporated entities, and SCS issuers are forbidden from engaging in lending or staking. The activity prohibi"
sg-scs-redemption-001,SG,redemption,freshness_sla_breach|independent_review_gap,deterministic_ruleset_v1,,,pending_independent_coder,not_started,"SCS holders are entitled to redemption at par value within 5 business days of a valid request, with no unreasonable fees or conditions, and customer assets are held under a statutory trust."
sg-scs-regulatory_authority-001,SG,regulatory_authority,source_acquisition_gap|freshness_unknown|independent_review_gap|event_model_gap,deterministic_ruleset_v1,,,pending_independent_coder,not_started,"The MAS Single-Currency Stablecoin (SCS) framework, finalised August 2023, sits alongside the Payment Services Act 2019; a separate Digital Token Service Provider (DTSP) licensing regime operates under FSMA Part 9. MAS is the sole regulator"
sg-scs-reserve_backing-001,SG,reserve_backing,freshness_sla_breach|independent_review_gap,deterministic_ruleset_v1,,,pending_independent_coder,not_started,"SCS reserves must be 100% backed in cash, cash equivalents, or short-term sovereign debt securities denominated in the pegged currency, valued at daily mark-to-market, segregated from the issuer's own assets, and held with MAS-approved cust"
sg-scs-securities_classification-001,SG,securities_classification,freshness_sla_breach|independent_review_gap,deterministic_ruleset_v1,,,pending_independent_coder,not_started,"Token classification follows MAS's substance-over-form test: a token with capital-markets-product characteristics is regulated under the Securities and Futures Act (SFA), not the Payment Services Act, and falls outside the SCS framework ent"
tw-frs-aml_kyc-001,TW,aml_kyc,freshness_sla_breach|independent_review_gap|event_model_gap,deterministic_ruleset_v1,,,pending_independent_coder,not_started,"IN FORCE: AML registration under the amended Money Laundering Control Act and the VASP Registration Regulations (since 30 November 2024), requiring virtual-asset service providers to register and comply with AML/CFT obligations; the FATF tr"
tw-frs-bank_nonbank_routing-001,TW,bank_nonbank_routing,source_acquisition_gap|evidence_classification_gap|freshness_unknown|independent_review_gap|event_model_gap,deterministic_ruleset_v1,,,pending_independent_coder,not_started,"the Virtual Asset Service Act (enacted at third reading 30 Jun 2026, not commenced) sets the issuer regime; the bank/non-bank routing architecture for compliant issuance is delegated to FSC subsidiary legislation not yet made."
tw-frs-capital_requirements-001,TW,capital_requirements,freshness_unknown|independent_review_gap|event_model_gap,deterministic_ruleset_v1,,,pending_independent_coder,not_started,"the Virtual Asset Service Act (enacted at third reading 30 Jun 2026, not commenced) delegates capital requirements for stablecoin issuers to the FSC. The specific figures await FSC subsidiary legislation; no stablecoin capital regime is yet"
tw-frs-cross_border_data-001,TW,cross_border_data,source_acquisition_gap|freshness_unknown|independent_review_gap|event_model_gap,deterministic_ruleset_v1,,,pending_independent_coder,not_started,The Personal Data Protection Act (PDPA) applies. Cross-border data transfer is subject to the PDPA and to competent-authority restrictions.
tw-frs-disclosure_reporting-001,TW,disclosure_reporting,source_acquisition_gap|evidence_classification_gap|freshness_unknown|independent_review_gap|event_model_gap,deterministic_ruleset_v1,,,pending_independent_coder,not_started,"the Virtual Asset Service Act (enacted at third reading 30 Jun 2026, not commenced) sets the framework; disclosure and supervisory-coordination obligations for stablecoin issuers take effect on commencement and their detail awaits FSC subsi"
tw-frs-distribution-001,TW,distribution,freshness_unknown|independent_review_gap|event_model_gap,deterministic_ruleset_v1,,,pending_independent_coder,not_started,"No stablecoin-specific distribution regime is yet operative. the Virtual Asset Service Act (enacted at third reading 30 Jun 2026, not commenced) sets the offering provisions, which take effect on commencement; commencement awaits FSC subsid"
tw-frs-implementation_status-001,TW,implementation_status,freshness_unknown|independent_review_gap|event_model_gap,deterministic_ruleset_v1,,,pending_independent_coder,not_started,Two temporal layers coexist. AML registration has operated since 30 November 2024. The Virtual Asset Service Act passed third reading on 30 June 2026 and was promulgated in Presidential Gazette No. 7872 on 22 July 2026. Its licensing and st
tw-frs-issuer_pathway-001,TW,issuer_pathway,freshness_unknown|independent_review_gap,deterministic_ruleset_v1,,,pending_independent_coder,not_started,"No stablecoin issuer is licensed yet: the licensing regime is enacted but not yet commenced. The Virtual Asset Service Act, passed at third reading on 30 Jun 2026, requires an FSC licence for stablecoin issuance, available to a share compan"
tw-frs-monetary_sovereignty-001,TW,monetary_sovereignty,freshness_unknown|independent_review_gap|event_model_gap,deterministic_ruleset_v1,,,pending_independent_coder,not_started,"the Virtual Asset Service Act (enacted at third reading 30 Jun 2026, not commenced) creates the framework, but no operative monetary-sovereignty cap is yet in force. The backdrop is the central bank's control of the NTD and the offshore-NTD"
tw-frs-permitted_activity_yield-001,TW,permitted_activity_yield,freshness_unknown|independent_review_gap|event_model_gap,deterministic_ruleset_v1,,,pending_independent_coder,not_started,"the Virtual Asset Service Act (enacted at third reading 30 Jun 2026, not commenced) prohibits paying interest or other returns to holders. This yield prohibition aligns Taiwan with the prohibition cluster (EU, Hong Kong) rather than the per"
tw-frs-redemption-001,TW,redemption,freshness_unknown|independent_review_gap|event_model_gap,deterministic_ruleset_v1,,,pending_independent_coder,not_started,"the Virtual Asset Service Act (enacted at third reading 30 Jun 2026, not commenced) provides for par issuance and redemption. The operative detail awaits FSC subsidiary legislation; no redemption regime is yet operative."
tw-frs-regulatory_authority-001,TW,regulatory_authority,freshness_unknown|independent_review_gap|event_model_gap,deterministic_ruleset_v1,,,pending_independent_coder,not_started,"Two layers, only one in force. In force: AML registration under the amended Money Laundering Control Act and the VASP Registration Regulations (effective 30 November 2024). Enacted but not commenced: the Virtual Asset Service Act, a compreh"
tw-frs-reserve_backing-001,TW,reserve_backing,freshness_unknown|independent_review_gap|event_model_gap,deterministic_ruleset_v1,,,pending_independent_coder,not_started,"the Virtual Asset Service Act (enacted at third reading 30 Jun 2026, not commenced) requires full reserves held at domestic financial institutions, segregated from the issuer's own property. The operative reserve detail awaits FSC subsidiar"
tw-frs-securities_classification-001,TW,securities_classification,source_acquisition_gap|evidence_classification_gap|freshness_unknown|independent_review_gap|event_model_gap,deterministic_ruleset_v1,,,pending_independent_coder,not_started,"Under the Virtual Asset Service Act (enacted at third reading 30 Jun 2026, not commenced), the securities characterization of stablecoins sits within the FSC's virtual-asset perimeter, but the operative boundary awaits FSC subsidiary legisl"
uk-frs-aml_kyc-001,UK,aml_kyc,source_acquisition_gap|evidence_classification_gap|freshness_unknown|independent_review_gap|event_model_gap,deterministic_ruleset_v1,,,pending_independent_coder,not_started,"The cryptoassets regime supersedes the previous Money Laundering Regulations registration regime by bringing cryptoasset activities into full FSMA scope, including AML/KYC obligations; the existing Money Laundering Regulations 2017 continue"
uk-frs-bank_nonbank_routing-001,UK,bank_nonbank_routing,source_acquisition_gap|freshness_unknown|independent_review_gap|event_model_gap,deterministic_ruleset_v1,,,pending_independent_coder,not_started,"Issuance is undertaken by FCA-authorized firms; systemic payment stablecoins fall additionally under Bank of England oversight, separating conduct authorization from systemic prudential supervision."
uk-frs-capital_requirements-001,UK,capital_requirements,evidence_classification_gap|freshness_unknown|independent_review_gap|event_model_gap,deterministic_ruleset_v1,,,pending_independent_coder,not_started,The FCA published final rules for non-systemic UK-issued qualifying stablecoins in PS26/10 in June 2026. The Bank of England separately published a June 2026 systemic-stablecoin policy statement with a draft Code of Practice. Exact prudenti
uk-frs-cross_border_data-001,UK,cross_border_data,evidence_classification_gap|freshness_unknown|independent_review_gap|event_model_gap,deterministic_ruleset_v1,,,pending_independent_coder,not_started,"UK GDPR applies (effectively mirroring EU GDPR post-Brexit). Cross-border data transfers to non-UK jurisdictions require an adequacy decision, an International Data Transfer Agreement (IDTA), or the UK Addendum to the EU Standard Contractua"
uk-frs-custody-001,UK,custody,evidence_classification_gap|freshness_unknown|independent_review_gap|event_model_gap,deterministic_ruleset_v1,,,pending_independent_coder,not_started,"Any firm holding client crypto-assets for more than 24 hours, or with the ability to override client authority, is a regulated custodian requiring a safeguarding licence. This 24-hour custody rule has significant operational implications fo"
uk-frs-distribution-001,UK,distribution,source_acquisition_gap|evidence_classification_gap|freshness_unknown|independent_review_gap|event_model_gap,deterministic_ruleset_v1,,,pending_independent_coder,not_started,"Offshore firms 'involved' in a sale of a cryptoasset to a UK consumer are within territorial scope. UKQS transactions (in UKQS only) are carved out from the financial-promotions regime, except for lending and borrowing arrangements. HM Trea"
uk-frs-implementation_status-001,UK,implementation_status,evidence_classification_gap|freshness_unknown|independent_review_gap|event_model_gap,deterministic_ruleset_v1,,,pending_independent_coder,not_started,SI 2026/102 was made in February 2026 and the relevant issuer regime is scheduled to commence on 25 October 2027. The FCA published final stablecoin-issuance rules in PS26/10 in June 2026. The Bank of England published its systemic-stableco
uk-frs-issuer_pathway-001,UK,issuer_pathway,freshness_sla_breach|independent_review_gap|event_model_gap,deterministic_ruleset_v1,,,pending_independent_coder,not_started,"Issuers must be UK-incorporated. HM Treasury's policy note describes the regulated perimeter as triggered by any one of three lifecycle limbs (offering, redemption, backing-asset management) in the UK. However, Article 9M(2) of SI 2026/102,"
uk-frs-monetary_sovereignty-001,UK,monetary_sovereignty,source_acquisition_gap|freshness_unknown|independent_review_gap|event_model_gap,deterministic_ruleset_v1,,,pending_independent_coder,not_started,"There is no aggregate usage cap on private tokens; the inbound treatment of foreign tokens is in transition pending the operation of the systemic regime, so the structural monetary-sovereignty pole is not yet stable."
uk-frs-permitted_activity_yield-001,UK,permitted_activity_yield,evidence_classification_gap|freshness_unknown|independent_review_gap|event_model_gap,deterministic_ruleset_v1,,,pending_independent_coder,not_started,Yield is not expressly addressed in SI 2026/102. The FCA published PS26/10 final issuance rules in June 2026 and the Bank published its systemic policy/draft Code. The exact holder-yield and remuneration treatment has not yet been mapped an
uk-frs-redemption-001,UK,redemption,evidence_classification_gap|freshness_unknown|independent_review_gap|event_model_gap,deterministic_ruleset_v1,,,pending_independent_coder,not_started,Redemption follows an issuer-controlled process within a backing-asset trust structure: third parties holding backing assets do so on trust for the benefit of stablecoin holders. Specific redemption mechanics are pending final FCA rules.
uk-frs-regulatory_authority-001,UK,regulatory_authority,freshness_sla_breach|independent_review_gap,deterministic_ruleset_v1,,,pending_independent_coder,not_started,"The Financial Services and Markets Act 2000 (Cryptoassets) Regulations 2026, SI 2026/102, in force from February 2026, make issuing a qualifying stablecoin in the UK a regulated activity under FSMA. The FCA (conduct), Bank of England (syste"
uk-frs-reserve_backing-001,UK,reserve_backing,evidence_classification_gap|freshness_unknown|independent_review_gap|event_model_gap,deterministic_ruleset_v1,,,pending_independent_coder,not_started,"SI 2026/102 requires 1:1 backing by a backing-asset pool with annual independent review. Backing assets are carved out from the collective-investment-scheme (CIS) and alternative-investment-fund (AIF) definitions, with the carve-out activat"
uk-frs-securities_classification-001,UK,securities_classification,source_acquisition_gap|freshness_unknown|independent_review_gap|event_model_gap,deterministic_ruleset_v1,,,pending_independent_coder,not_started,Regulated stablecoins are brought within the FSMA financial-services perimeter as a payments-adjacent regulated activity rather than as transferable securities under the RAO's investment heads.
us-pss-bank_nonbank_routing-001,US,bank_nonbank_routing,source_acquisition_gap|freshness_unknown|independent_review_gap,deterministic_ruleset_v1,,,pending_independent_coder,not_started,The regime separates roles along a routing chain. A bank operating as a Layer 1 issuer under the GENIUS Act operates under bank supervision; non-bank permitted issuers operate under the OCC/FDIC payment-stablecoin charter. CLARITY §404 adds
us-pss-capital_requirements-001,US,capital_requirements,freshness_sla_breach|independent_review_gap|event_model_gap,deterministic_ruleset_v1,,,pending_independent_coder,not_started,"De novo PPSIs must hold minimum capital of the greater of $5 million or the chartering-condition amount, for 36 months. An operational backstop of 12 months of operating expenses must be held in cash, FDIC-insured deposits, or short-dated T"
us-pss-cross_border_data-001,US,cross_border_data,source_acquisition_gap|freshness_unknown|independent_review_gap|event_model_gap,deterministic_ruleset_v1,,,pending_independent_coder,not_started,Issuers are subject to the Bank Secrecy Act and OFAC sanctions administration; there is no data-localization rule that bars supervisory information-sharing with foreign regulators.
us-pss-disclosure_reporting-001,US,disclosure_reporting,source_acquisition_gap|freshness_unknown|independent_review_gap|event_model_gap,deterministic_ruleset_v1,,,pending_independent_coder,not_started,Issuers must publish monthly reserve composition certified by an independent accountant and are subject to federal and state supervisory reporting; supervisory coordination is available.
us-pss-issuer_pathway-001,US,issuer_pathway,freshness_sla_breach|independent_review_gap,deterministic_ruleset_v1,,,pending_independent_coder,not_started,"Permitted payment stablecoin issuers are a defined set: subsidiaries of insured depository institutions, federally qualified non-bank payment stablecoin issuers approved by the OCC, and state-qualified issuers operating under an OCC-certifi"
us-pss-monetary_sovereignty-001,US,monetary_sovereignty,source_acquisition_gap|freshness_unknown|independent_review_gap,deterministic_ruleset_v1,,,pending_independent_coder,not_started,The US issues the reserve currency and imposes no aggregate usage cap on private dollar tokens. A foreign payment stablecoin may be offered in the US only where the foreign regime is determined comparable by the Treasury and the issuer regi
us-pss-permitted_activity_yield-001,US,permitted_activity_yield,freshness_sla_breach|independent_review_gap,deterministic_ruleset_v1,,,pending_independent_coder,not_started,"GENIUS Act §4(a)(11) prohibits permitted/foreign payment stablecoin issuers from paying any form of interest or yield (cash, tokens, or other consideration) to a holder 'solely in connection with the holding, use, or retention' of a payment"
us-pss-reserve_backing-001,US,reserve_backing,freshness_sla_breach|independent_review_gap|event_model_gap,deterministic_ruleset_v1,,,pending_independent_coder,not_started,1:1 backing of outstanding payment stablecoins at fair value is required by the enacted GENIUS Act (Sec. 4(a)(1)). The detailed list of PERMISSIBLE reserve assets is set by the OCC NPRM (proposed 12 CFR Sec. 15.11(b)) and is NOT yet final —
us-pss-securities_classification-001,US,securities_classification,freshness_sla_breach|independent_review_gap,deterministic_ruleset_v1,,,pending_independent_coder,not_started,"A payment stablecoin structured to comply with the GENIUS Act (1:1 backing, no issuer yield, par redemption) is positioned as a non-security: under the Reves family-resemblance test the instrument resembles a payment/exchange medium rather "
